name,slug,description,assets,facets,optionGroups,optionValues,sku,price,taxCategory,stockOnHand,trackInventory,variantAssets,variantFacets
Classic logo tee,classic-logo-tee,"The crowned elephant, small at the chest. Heavyweight cotton, cut boxy, built to be worn hard.",product-classic-logo-tee.webp,Category:Tees,size,S,TMP-CLT-S,34.00,standard,25,true,,
,,,,,,M,TMP-CLT-M,34.00,standard,25,true,,
,,,,,,L,TMP-CLT-L,34.00,standard,25,true,,
,,,,,,XL,TMP-CLT-XL,34.00,standard,25,true,,
,,,,,,XXL,TMP-CLT-XXL,38.00,standard,15,true,,
Elephant arch tee,elephant-arch-tee,"The elephant under an arch of type across the back. Heavyweight cotton, cut boxy.",product-elephant-arch-tee.webp,Category:Tees,size,S,TMP-EAT-S,34.00,standard,25,true,,
,,,,,,M,TMP-EAT-M,34.00,standard,25,true,,
,,,,,,L,TMP-EAT-L,34.00,standard,25,true,,
,,,,,,XL,TMP-EAT-XL,34.00,standard,25,true,,
War edition tee,war-edition-tee,"Poker is war. A limited run from the War drop, printed once.",product-war-edition-tee.webp,Category:Tees,size,S,TMP-WET-S,34.00,standard,10,true,,
,,,,,,M,TMP-WET-M,34.00,standard,10,true,,
,,,,,,L,TMP-WET-L,34.00,standard,10,true,,
,,,,,,XL,TMP-WET-XL,34.00,standard,10,true,,
Classic joggers,classic-joggers,"Brushed fleece, tapered leg, the crown on the thigh. For long sessions.",product-classic-joggers.webp,Category:Joggers,size,S,TMP-CJG-S,58.00,standard,20,true,,
,,,,,,M,TMP-CJG-M,58.00,standard,20,true,,
,,,,,,L,TMP-CJG-L,58.00,standard,20,true,,
,,,,,,XL,TMP-CJG-XL,58.00,standard,20,true,,
,,,,,,XXL,TMP-CJG-XXL,62.00,standard,10,true,,
